/*!40000 ALTER TABLE `genre` DISABLE KEYS */;
INSERT INTO `genre` (id, name) VALUES (6,'Animation'),(4,'Comedy'),(3,'Documentary'),(1,'Horror'),(5,'Romantic comedy'),(8,'Thriller'),(2,'War Film'),(7,'Western');
/*!40000 ALTER TABLE `genre` ENABLE KEYS */;

/*!40000 ALTER TABLE `movie` DISABLE KEYS */;
INSERT INTO `movie` (id, title, short_description, description, year_of_production, duration, additional_info, age_restriction, poster_path) VALUES (1,'The Batman','Anne bought new car. Anne bought new car. Tony bought new car. Anne has free time. Anne is walking. ','Anne bought new car. Anne is shopping. Tony bought new car. Tony is walking. Tony has free time. ',2008,81,'Mike like sports. Rudi watches football.',13,'resources/posters/rqb.doc'),(2,'Transformers','John bought new car. Anne is shopping. Tony bought new car. Tony bought new car. Tony has free time. ','John is shopping. John is shopping. John bought new car. John is walking. ',2011,118,'I watches football. Mike loves flowers.',15,'resources/posters/mgbxc.asm'),(3,'Judo.','John has free time. Tony is shopping. ','Anne bought new car. Anne is walking. John bought new car. John has free time. Tony is walking. ',2012,159,'Mike watches football. Mike loves flowers.',15,'resources/posters/nak.txt'),(4,'Spiderman','John bought new car. Anne is walking. John bought new car. Anne has free time. John has free time. ','John bought new car. Anne is walking. Anne is walking. John is shopping. John is shopping. ',2008,143,'Mike watches football. Rudi loves flowers.',18,'resources/posters/tqv.pdf'),(5,'Inception','Anne bought new car. Anne is shopping. ','Tony bought new car. Tony has free time. Tony bought new car. ',2012,101,'I loves flowers. Mike loves flowers.',15,'resources/posters/qydm.asm'),(6,'Antman','Anne bought new car. Tony has free time. Tony bought new car. Tony has free time. Anne bought new car. ','Anne bought new car. Tony is shopping. Tony is shopping. Tony has free time. Anne bought new car. ',2008,86,'Rudi watches football. Mike like swimming.',15,'resources/posters/ssh.xls'),(7,'I, Robot','Tony bought new car. John bought new car. Tony has free time. ','Anne bought new car. Anne has free time. John bought new car. ',2011,147,'Mike like swimming. Mike loves flowers.',15,'resources/posters/rxduh.bmp'),(8,'Jestem legendą','John bought new car. John is walking. John bought new car. John bought new car. Tony is walking. ','John is shopping. John bought new car. ',2009,86,'Mike loves flowers. Mike watches football.',18,'resources/posters/tsuz.xls'),(9,'Time race','Anne bought new car. John is shopping. Tony is shopping. Anne bought new car. John is walking. ','Anne bought new car. Anne bought new car. Tony bought new car. John bought new car. ',2012,62,'Rudi watches football.',15,'resources/posters/odbe.txt'),(10,'Orange is the new black','John bought new car. Tony is walking. John has free time. John has free time. Anne has free time. ','Anne bought new car. Anne is shopping. John bought new car. Tony has free time. John is walking. ',2012,107,'I loves flowers.',15,'resources/posters/ulpg.php');
/*!40000 ALTER TABLE `movie` ENABLE KEYS */;

/*!40000 ALTER TABLE `person` DISABLE KEYS */;
INSERT INTO `person` (id, first_name, second_name, last_name, portrait_path) VALUES (1,'Robert',NULL,'De Niro','resources/portraits/tuwn.php'),(2,'Al',NULL,'Pacino','resources/portraits/ziiv.php'),(3,'Kevin',NULL,'Spacey','resources/portraits/eudyrm.pdf'),(4,'Jack',NULL,'Nicholson','resources/portraits/lhw.pdf'),(5,'Sean',NULL,'Connery','resources/portraits/pdi.ini'),(6,'Harrison',NULL,'Ford','resources/portraits/bat.ini'),(7,'Samuel','Leroy','Jackson','resources/portraits/vkink.asm'),(8,'Morgan',NULL,'Freeman','resources/portraits/hoq.xls'),(9,'Clint',NULL,'Eastwood','resources/portraits/ayq.php'),(10,'Tom',NULL,'Hanks','resources/portraits/fpmy.bmp'),(11,'James',NULL,'Steward','resources/portraits/shd.asm'),(12,'Alec',NULL,'Guinness','resources/portraits/msyg.xls'),(13,'Nicolas',NULL,'Cage','resources/portraits/fkv.bmp'),(14,'Anthony',NULL,'Hopkins','resources/portraits/gdrc.pdf'),(15,'Michael',NULL,'Cain','resources/portraits/neiyns.pdf'),(16,'Steve',NULL,'Buscemi','resources/portraits/gsc.txt'),(17,'Steve',NULL,'McQueen','resources/portraits/mico.xls'),(18,'Cary',NULL,'Grant','resources/portraits/cqtw.php'),(19,'Marlon',NULL,'Brando',NULL),(20,'Johnny',NULL,'Deep',NULL);
/*!40000 ALTER TABLE `person` ENABLE KEYS */;

/*!40000 ALTER TABLE `technology` DISABLE KEYS */;
INSERT INTO `technology` (id, name) VALUES (1,'2D'),(2,'3D');
/*!40000 ALTER TABLE `technology` ENABLE KEYS */;

/*!40000 ALTER TABLE `movie_actor` DISABLE KEYS */;
INSERT INTO `movie_actor` (movie_id, person_id) VALUES (6,1),(7,1),(10,3),(7,3),(6,4),(8,4),(3,4),(3,5),(3,6),(2,7),(6,8),(5,8),(5,9),(3,9),(4,10),(1,11),(2,12),(1,12),(3,14),(5,15),(6,15),(2,16),(1,18),(1,19),(7,19),(8,19),(9,19),(2,19),(8,20),(2,20);
/*!40000 ALTER TABLE `movie_actor` ENABLE KEYS */;

/*!40000 ALTER TABLE `movie_director` DISABLE KEYS */;
INSERT INTO `movie_director` (movie_id, person_id) VALUES (7,1),(7,3),(6,4),(8,4),(3,4),(3,5),(3,6),(3,7),(2,7),(6,8),(5,8),(5,9),(3,9),(4,10),(1,11),(2,12),(5,15),(6,15),(1,19),(7,19),(8,19),(9,19),(2,19),(8,20),(2,20);
/*!40000 ALTER TABLE `movie_director` ENABLE KEYS */;

/*!40000 ALTER TABLE `movie_genre` DISABLE KEYS */;
INSERT INTO `movie_genre` (movie_id, genre_id) VALUES (4,1),(5,1),(6,1),(9,1),(3,1),(1,2),(6,2),(2,2),(3,3),(2,3),(5,3),(6,4),(8,4),(1,4),(1,5),(2,5),(2,5),(7,6),(1,6),(7,6),(1,7),(7,7),(8,7),(2,7),(8,7),(9,7),(2,7),(3,8),(5,8),(6,8);
/*!40000 ALTER TABLE `movie_genre` ENABLE KEYS */;

/*!40000 ALTER TABLE `showtime` DISABLE KEYS */;
INSERT INTO `showtime` (id, movie_id, technology_id, language, datetime) VALUES (1,5,2,'DUBBING',now()),(2,3,1,'DUBBING','2021-07-29 04:30:00'),(3,9,2,'DUBBING','2021-08-02 05:00:00'),(4,9,1,'DUBBING','2021-06-23 19:00:00'),(5,5,1,'SUBTITLES','2021-08-02 04:00:00'),(6,1,2,'DUBBING','2020-11-19 09:00:00'),(7,7,2,'DUBBING','2021-05-06 22:00:00'),(8,4,1,'DUBBING','2020-12-13 17:00:00'),(9,2,2,'SUBTITLES','2020-09-29 12:00:00'),(10,5,2,'DUBBING','2021-03-01 19:35:00'),(11,1,2,'SUBTITLES','2020-09-09 23:30:00'),(12,4,1,'SUBTITLES','2021-07-09 02:00:00'),(13,2,1,'DUBBING','2021-05-14 03:30:00'),(14,4,2,'SUBTITLES','2021-06-19 15:30:00'),(15,9,1,'SUBTITLES','2021-06-21 17:30:00'),(16,2,2,'DUBBING','2020-12-07 16:30:00'),(17,9,2,'SUBTITLES','2020-10-26 02:00:00'),(18,9,1,'SUBTITLES','2021-03-29 15:30:00'),(19,9,2,'DUBBING','2021-08-04 09:30:00'),(20,1,2,'SUBTITLES','2021-02-01 08:00:00'),(21,8,1,'SUBTITLES','2021-06-06 17:30:00'),(22,9,1,'DUBBING','2021-05-20 15:30:00'),(23,7,2,'SUBTITLES','2020-09-02 03:36:00'),(24,4,2,'DUBBING','2021-03-14 14:00:00'),(25,6,2,'SUBTITLES','2021-05-27 17:30:00'),(26,8,1,'SUBTITLES','2021-01-10 11:00:00'),(27,1,1,'SUBTITLES','2021-08-15 22:30:00'),(28,8,1,'SUBTITLES','2021-02-13 12:30:00'),(29,3,1,'SUBTITLES','2021-06-28 13:30:00'),(30,1,2,'SUBTITLES','2020-10-18 03:30:00'),(31,6,1,'DUBBING','2020-11-08 18:00:00'),(32,2,2,'SUBTITLES','2021-04-24 04:30:00'),(33,4,2,'SUBTITLES','2020-12-28 22:37:00'),(34,1,2,'SUBTITLES','2021-01-28 18:30:00'),(35,4,2,'DUBBING','2021-06-02 05:33:00'),(36,6,1,'SUBTITLES','2020-11-08 21:30:00'),(37,8,1,'DUBBING','2020-12-12 06:30:00'),(38,1,2,'DUBBING','2021-02-12 13:00:00'),(39,3,1,'SUBTITLES','2020-11-23 21:00:00'),(40,1,1,'SUBTITLES','2021-04-03 03:00:00'),(41,4,2,'SUBTITLES','2021-06-22 16:00:00'),(42,10,1,'DUBBING','2021-05-27 14:00:00'),(43,7,2,'SUBTITLES','2021-06-05 00:00:00'),(44,1,2,'DUBBING','2021-01-30 21:30:00'),(45,1,1,'SUBTITLES','2021-06-13 02:00:00'),(46,8,1,'DUBBING','2021-02-18 01:00:00'),(47,1,1,'DUBBING','2021-07-23 21:30:00'),(48,1,2,'DUBBING','2021-01-18 22:30:00'),(49,5,2,'DUBBING','2021-03-11 04:38:00'),(50,5,2,'DUBBING','2021-09-27 04:00:00');
/*!40000 ALTER TABLE `showtime` ENABLE KEYS */;
